"id","title","authors","year","venue","publication_status","arxiv","doi","primary_url","domain","explicit_world_model","modeled_system","observation","state","state_type","action","transition","prediction_target","rollout_horizon","evaluation","dataset","downstream_purpose","strongest_contribution","limitation","relevance_to_MedicalWorldModel","rollout_mechanism","time_scale","uncertainty","planning","official_project_repository","read_depth","source_locator","version_note","verified_date","evidence_scope","metadata_verification"
"G01","Recurrent World Models Facilitate Policy Evolution","David Ha; Jürgen Schmidhuber","2018","NeurIPS 31","Published","1809.01999","UNKNOWN","https://proceedings.neurips.cc/paper/2018/hash/2de5d16682c3c35007e4e92982f1a2ba-Abstract.html","game/control","yes","game/control","pixels và action history","VAE code + recurrent memory","latent dự đoán; ý nghĩa vật lý/sinh học chưa tự xác lập","game controls","MDN-RNN next latent","latent; termination","episode trong dream; số bước tùy task","return khi policy chuyển sang môi trường gốc","CarRacing; VizDoom","học policy trong mô hình","kiểm tra chuyển policy từ imagined environment","policy có thể khai thác sai số mô hình","state phải kiểm chứng qua tác vụ","latent recurrent rollout, dream episodes","bước môi trường; đổi sang giây UNKNOWN","mixture density; không phải calibrated safety","policy evolution trong dream, không đồng nhất online tree search","https://worldmodels.github.io","metadata + abstract","Trang nguồn/abstract","World Models (1803.10122) là bản sớm; NeurIPS dùng tên và ID 1809.01999","2026-09-12","VERIFIED: metadata và mô tả nguồn; INTERPRETATION / HYPOTHESIS: limitation và relevance","Primary proceedings/arXiv/official author record; read depth and version limits above"
"G02","Learning Latent Dynamics for Planning from Pixels","Danijar Hafner; Timothy Lillicrap; Ian Fischer; Ruben Villegas; David Ha; Honglak Lee; James Davidson","2019","ICML; PMLR 97","Published","1811.04551","UNKNOWN","https://proceedings.mlr.press/v97/hafner19a.html","visual continuous control","yes","visual continuous control","pixels, past actions","deterministic + stochastic recurrent belief","latent dự đoán; ý nghĩa vật lý/sinh học chưa tự xác lập","continuous controls","latent state transition + observation/reward heads","future latent; reward","MPC hữu hạn; task-dependent","control return; representation/overshooting ablations","DeepMind Control Suite","planning từ pixels","học dynamics trong không gian nhỏ","quan sát thiếu và rollout error vẫn tồn tại","belief/history có thể có ích, cần kiểm tra","latent action rollouts; MPC reobserves","bước môi trường; đổi sang giây UNKNOWN","stochastic latent","CEM MPC; thực thi action đầu rồi quan sát lại","UNKNOWN","full-text methods/evaluation và supplement","§2–4; supplement latent overshooting","Không coi overshooting bắt buộc: supplement ghi không cần trong cấu hình cuối","2026-09-12","VERIFIED: metadata và mô tả nguồn; INTERPRETATION / HYPOTHESIS: limitation và relevance","Primary proceedings/arXiv/official author record; read depth and version limits above"
"G03","Mastering diverse control tasks through world models","Danijar Hafner; Jurgis Pasukonis; Jimmy Ba; Timothy Lillicrap","2025","Nature 640:647–653","Published","2301.04104","10.1038/s41586-025-08744-2","https://www.nature.com/articles/s41586-025-08744-2","general control / DreamerV3","yes","general control / DreamerV3","observations, actions, rewards","recurrent stochastic latent","latent dự đoán; ý nghĩa vật lý/sinh học chưa tự xác lập","task controls","learned latent dynamics; reward; continuation","imagined returns and states","multi-step imagination; numeric horizon UNKNOWN trong extraction","return nhiều task/domain","Atari; DMLab; Minecraft; control suites","học actor–critic bằng imagined futures","reuse thuật toán across domains","return cao không chứng minh physical identification","mô hình và policy là hai thành phần","latent imagined sequences for actor/value learning","bước môi trường; đổi sang giây UNKNOWN","stochastic latent; không báo clinical calibration","imagination để train policy; không mặc định MPC lúc chạy","UNKNOWN","full-text methods/evaluation","Methods: world model; actor–critic; benchmarks","arXiv tên Mastering Diverse Domains through World Models; published title canonical","2026-09-12","VERIFIED: metadata và mô tả nguồn; INTERPRETATION / HYPOTHESIS: limitation và relevance","Primary source + Crossref DOI metadata checked 2026-09-12; author/title normalization reviewed"
"G04","Mastering Atari, Go, chess and shogi by planning with a learned model","Julian Schrittwieser; Ioannis Antonoglou; Thomas Hubert; Karen Simonyan; Laurent Sifre; Simon Schmitt; Arthur Guez; Edward Lockhart; Demis Hassabis; Thore Graepel; Timothy Lillicrap; David Silver","2020","Nature 588:604–609","Published","1911.08265","10.1038/s41586-020-03051-4","https://www.nature.com/articles/s41586-020-03051-4","games / MuZero","no","games / MuZero","game observations and history","task-relevant hidden state","latent phục vụ value/reward; không explicit world geometry","legal/game actions","iterable recurrent model","reward; value; policy","search tree; depth varies","game return / playing strength","Atari; Go; chess; shogi","search without supplied simulator","không cần tái tạo pixels để planning","task sufficiency không bảo đảm state dùng cho mọi truy vấn","định nghĩa medical WM không bắt buộc pixels","recurrent latent tree expansion","bước môi trường; đổi sang giây UNKNOWN","UNKNOWN: chưa xác minh hiệu chuẩn xác suất","MCTS","UNKNOWN","metadata + abstract","Trang nguồn/abstract","arXiv version UNKNOWN nếu không ghi vN; canonical là bản công bố khi đã xác minh","2026-09-12","VERIFIED: metadata và mô tả nguồn; INTERPRETATION / HYPOTHESIS: limitation và relevance","Primary source + Crossref DOI metadata checked 2026-09-12; author/title normalization reviewed"
"G05","Unsupervised Learning for Physical Interaction through Video Prediction","Chelsea Finn; Ian Goodfellow; Sergey Levine","2016","NeurIPS 29","Published","UNKNOWN","UNKNOWN","https://papers.nips.cc/paper/6161-unsupervised-learning-for-physical-interaction-through-video-prediction","robot pushing video","no","robot pushing video","images và robot motion","hidden visual features; pixel motion transformations","latent dự đoán; ý nghĩa vật lý/sinh học chưa tự xác lập","robot actions","predict transformations/masks của pixels","future images","multi-frame; numeric horizon UNKNOWN","image prediction","robot pushing","learn visual physical interaction","action-conditioned video ancestor","paper prediction không tự chứng minh planner","tách acquisition transition với appearance generation","recurrent transformed-pixel prediction","bước môi trường; đổi sang giây UNKNOWN","UNKNOWN: chưa xác minh hiệu chuẩn xác suất","Không được xác minh trong phần đã đọc","UNKNOWN","metadata + abstract","Trang nguồn/abstract","arXiv version UNKNOWN nếu không ghi vN; canonical là bản công bố khi đã xác minh","2026-09-12","VERIFIED: metadata và mô tả nguồn; INTERPRETATION / HYPOTHESIS: limitation và relevance","Primary proceedings/arXiv/official author record; read depth and version limits above"
"G06","Stochastic Video Generation with a Learned Prior","Emily Denton; Rob Fergus","2018","ICML; PMLR 80:1174–1183","Published","1802.07687","UNKNOWN","https://proceedings.mlr.press/v80/denton18a.html","stochastic video prediction","no","stochastic video prediction","past frames","recurrent deterministic features + stochastic code","latent dự đoán; ý nghĩa vật lý/sinh học chưa tự xác lập","none","learned time-varying latent prior; recurrent decoder","future frame distribution","multi-frame; numeric horizon UNKNOWN","image/video prediction","UNKNOWN trong phần abstract đã đọc","plausible diverse future video","explicit stochastic futures","diversity và sharpness không bảo đảm task-valid simulator","bất định tương lai có trước WM frontier","sampled stochastic recurrent future frames","bước môi trường; đổi sang giây UNKNOWN","learned stochastic prior; calibration UNKNOWN","Không được xác minh trong phần đã đọc","UNKNOWN","metadata + abstract","Trang nguồn/abstract","arXiv version UNKNOWN nếu không ghi vN; canonical là bản công bố khi đã xác minh","2026-09-12","VERIFIED: metadata và mô tả nguồn; INTERPRETATION / HYPOTHESIS: limitation và relevance","Primary proceedings/arXiv/official author record; read depth and version limits above"
"G07","Transformers are Sample-Efficient World Models","Vincent Micheli; Eloi Alonso; François Fleuret","2023","ICLR","Published","2209.00588","UNKNOWN","https://openreview.net/pdf?id=vhFu1Acb0xb","Atari / IRIS","yes","Atari / IRIS","tokenized frames; actions","token history","latent dự đoán; ý nghĩa vật lý/sinh học chưa tự xác lập","discrete game actions","autoregressive token dynamics + reward/end","pixels/tokens; reward; termination","multi-step imagined episodes; numeric UNKNOWN","Atari 100k returns","Atari 100k","sample-efficient policy learning","token world model evaluated by return","tokenization can lose small task-critical objects","compression must preserve endpoint evidence","autoregressive observation/action tokens","bước môi trường; đổi sang giây UNKNOWN","UNKNOWN: chưa xác minh hiệu chuẩn xác suất","actor–critic learning in imagined environment","UNKNOWN","PDF methods/evaluation","§2–4","arXiv version UNKNOWN nếu không ghi vN; canonical là bản công bố khi đã xác minh","2026-09-12","VERIFIED: metadata và mô tả nguồn; INTERPRETATION / HYPOTHESIS: limitation và relevance","Primary proceedings/arXiv/official author record; read depth and version limits above"
"G08","Diffusion for World Modeling: Visual Details Matter in Atari","Eloi Alonso; Adam Jelley; Vincent Micheli; Anssi Kanervisto; Amos Storkey; Tim Pearce; François Fleuret","2024","NeurIPS 37","Published","2405.12399","10.52202/079017-1873","https://proceedings.neurips.cc/paper_files/paper/2024/hash/6bdde0373d53d4a501249547084bed43-Abstract-Conference.html","Atari / DIAMOND","yes","Atari / DIAMOND","frames; actions","recent pixel history / denoising features","latent dự đoán; ý nghĩa vật lý/sinh học chưa tự xác lập","game actions","conditional next-image diffusion","image; reward/end via auxiliary models","autoregressive multi-step; numeric UNKNOWN","Atari100k return, not only perceptual quality","Atari 100k","policy training","fine visual details linked to reward behavior","stochastic generation does not equal calibrated epistemic uncertainty","tiny anatomy changes may matter; verify endpoint","autoregressive frame sampling with action history","bước môi trường; đổi sang giây UNKNOWN","diffusion sampling; clinical calibration not evaluated","policy learned in model","https://diamond-wm.github.io","PDF methods/evaluation","World model and Atari evaluation","arXiv version UNKNOWN nếu không ghi vN; canonical là bản công bố khi đã xác minh","2026-09-12","VERIFIED: metadata và mô tả nguồn; INTERPRETATION / HYPOTHESIS: limitation và relevance","Primary source + Crossref DOI metadata checked 2026-09-12; author/title normalization reviewed"
"G09","TD-MPC2: Scalable, Robust World Models for Continuous Control","Nicklas Hansen; Hao Su; Xiaolong Wang","2024","ICLR","Published","2310.16828","UNKNOWN","https://openreview.net/pdf?id=Oxh5CstDJU","continuous control","yes","continuous control","state observations or images; action","task-oriented latent","latent dự đoán; ý nghĩa vật lý/sinh học chưa tự xác lập","continuous action","latent consistency, reward and value models","latent; reward; value","short imagined plans plus value bootstrap","control success/return across tasks","104-task benchmark reported","online MPC","task-oriented predictive representation","privileged state settings do not establish visual inference","evaluate prediction through meaningful costs","short imagined latent trajectories in MPC","bước môi trường; đổi sang giây UNKNOWN","value ensemble; no generic calibrated transition guarantee","online model predictive control","UNKNOWN","PDF methods/evaluation","§3–4","arXiv version UNKNOWN nếu không ghi vN; canonical là bản công bố khi đã xác minh","2026-09-12","VERIFIED: metadata và mô tả nguồn; INTERPRETATION / HYPOTHESIS: limitation và relevance","Primary proceedings/arXiv/official author record; read depth and version limits above"
"G10","SlotFormer: Unsupervised Visual Dynamics Simulation with Object-Centric Models","Ziyi Wu; Nikita Dvornik; Klaus Greff; Thomas Kipf; Animesh Garg","2023","ICLR","Published","UNKNOWN","UNKNOWN","https://openreview.net/pdf?id=TFbwV6I0VLg","object interactions","yes","object interactions","video prefix","temporally aligned object slots","latent object slots, inferred","none for passive prediction; candidate actions in planning task","autoregressive slot dynamics","future slots and decoded objects","multi-step; exact horizon task-dependent","video; future VQA; goal-conditioned planning","CLEVRER; PHYRE (paper task suite)","reasoning and planning","object-level rollout reusable downstream","slots may swap/collapse; not guaranteed anatomical entities","anatomy-centric forecast has prior CV basis","autoregressive future slots","bước môi trường; đổi sang giây UNKNOWN","UNKNOWN: chưa xác minh hiệu chuẩn xác suất","goal-conditioned planning tested","https://github.com/pairlab/SlotFormer","PDF methods; evaluation overview","§3 and downstream tasks","arXiv version UNKNOWN nếu không ghi vN; canonical là bản công bố khi đã xác minh","2026-09-12","VERIFIED: metadata và mô tả nguồn; INTERPRETATION / HYPOTHESIS: limitation và relevance","Primary proceedings/arXiv/official author record; read depth and version limits above"
"G11","DINO-WM: World Models on Pre-trained Visual Features enable Zero-shot Planning","Gaoyue Zhou; Hengkai Pan; Yann LeCun; Lerrel Pinto","2025","ICML; PMLR 267:79115–79135","Published","2411.04983","UNKNOWN","https://proceedings.mlr.press/v267/zhou25t.html","robot/object manipulation","yes","robot/object manipulation","image history; proprioception/actions","frozen DINOv2 patch features","latent dự đoán; ý nghĩa vật lý/sinh học chưa tự xác lập","recorded controls","predict future patch features","goal-relevant future embeddings","autoregressive; MPC and open-loop ablated","goal/control success over six environments","Maze; Wall; PushT; Reach; Rope; Granular","image-goal planning","planning without pixel decoder training","feature distance can miss critical small details","test reuse of predictive state without requiring pixel output","iterated feature prediction under candidate action sequences","bước môi trường; đổi sang giây UNKNOWN","deterministic feature prediction; calibration not established","CEM MPC; GD/open-loop ablations","https://dino-wm.github.io","full-text methods/evaluation/appendix","§3–4; Appendix A.5.3","arXiv version UNKNOWN nếu không ghi vN; canonical là bản công bố khi đã xác minh","2026-09-12","VERIFIED: metadata và mô tả nguồn; INTERPRETATION / HYPOTHESIS: limitation và relevance","Primary proceedings/arXiv/official author record; read depth and version limits above"
"G12","V-JEPA 2: Self-Supervised Video Models Enable Understanding, Prediction and Planning","Mido Assran (Mahmoud Assran trong PDF); Adrien Bardes; David Fan; Quentin Garrido; Russell Howes; Mojtaba Komeili; Matthew Muckley; Ammar Rizvi; Claire Roberts; Koustuv Sinha; Artem Zholus; Sergio Arnaud; Abha Gejji; Ada Martin; Francois Robert Hogan; Daniel Dugas; Piotr Bojanowski; Vasil Khalidov; Patrick Labatut; Francisco Massa; Marc Szafraniec; Kapil Krishnakumar; Yong Li; Xiaodong Ma; Sarath Chandar; Franziska Meier; Yann LeCun; Michael Rabbat; Nicolas Ballas","2025","arXiv; venue peer-reviewed UNKNOWN","Preprint verified","2506.09985v1","UNKNOWN","https://arxiv.org/abs/2506.09985","video representation + robot AC model","yes","video representation + robot AC model","pretraining video; AC images + end-effector state/actions","frozen visual patch features; robot state","latent dự đoán; ý nghĩa vật lý/sinh học chưa tự xác lập","AC uses robot controls; pretraining no action","masked prediction then causal action-conditioned latent prediction","future feature patches; goal proximity","training rollout T=2; teacher-forced T=15; MPC task-dependent","video understanding and real robot goal tasks","web video; DROID; two robot labs","representation reuse and image-goal MPC","separates broad representation from action grounding","camera sensitivity; long-horizon errors; staged subgoals","masked pretraining alone is not prefix forecasting","masked pretraining; action-conditioned recursive prediction for MPC","bước môi trường; đổi sang giây UNKNOWN","no calibrated belief distribution established","CEM MPC for V-JEPA 2-AC","https://github.com/facebookresearch/vjepa2","full-text §3 and §4.3","§3 action-conditioned model; §4.3 limitations","arXiv version UNKNOWN nếu không ghi vN; canonical là bản công bố khi đã xác minh","2026-09-12","VERIFIED: metadata và mô tả nguồn; INTERPRETATION / HYPOTHESIS: limitation và relevance","Primary proceedings/arXiv/official author record; read depth and version limits above"
"G13","Genie: Generative Interactive Environments","Jake Bruce; Michael D Dennis; Ashley Edwards; Jack Parker-Holder; Yuge Shi; Edward Hughes; Matthew Lai; Aditi Mavalankar; Richie Steigerwald; Chris Apps; Yusuf Aytar; Sarah Maria Elisabeth Bechtle; Feryal Behbahani; Stephanie C.Y. Chan; Nicolas Heess; Lucy Gonzalez; Simon Osindero; Sherjil Ozair; Scott Reed; Jingwei Zhang; Konrad Zolna; Jeff Clune; Nando De Freitas; Satinder Singh; Tim Rocktäschel","2024","ICML; PMLR 235:4603–4623","Published","UNKNOWN","UNKNOWN","https://proceedings.mlr.press/v235/bruce24a.html","interactive game-like video","yes","interactive game-like video","unlabeled videos / initial image","video tokens + latent action codes","latent dự đoán; ý nghĩa vật lý/sinh học chưa tự xác lập","inferred discrete latent action","conditioned token dynamics","next video tokens","interactive autoregressive rollout","controllability; policy-transfer evidence; video quality","internet platform-game videos","interactive learned environments","learn action vocabulary without action labels","latent action not identified physical command","pose/action distinction is indispensable","latent-action autoregressive video","bước môi trường; đổi sang giây UNKNOWN","stochastic generation","interactive simulation; not universal physical planner","UNKNOWN","proceedings metadata/abstract","Trang nguồn/abstract","arXiv version UNKNOWN nếu không ghi vN; canonical là bản công bố khi đã xác minh","2026-09-12","VERIFIED: metadata và mô tả nguồn; INTERPRETATION / HYPOTHESIS: limitation và relevance","Primary proceedings/arXiv/official author record; read depth and version limits above"
"G14","Learning Interactive Real-World Simulators","Sherry Yang; Yilun Du; Kamyar Ghasemipour; Jonathan Tompson; Leslie Kaelbling; Dale Schuurmans; Pieter Abbeel","2024","ICLR","Published","2310.06114","UNKNOWN","https://openreview.net/pdf/ebbd0d77e65c2e2ffb1eef300c8c55e4f2f27c86.pdf","interactive real-world video / UniSim","yes","interactive real-world video / UniSim","video history; text or low-level controls","video generative latent/history","latent dự đoán; ý nghĩa vật lý/sinh học chưa tự xác lập","high-level instructions and low-level action","conditional video generation chained through time","future observations","multi-step; numeric horizon UNKNOWN","sim-trained policy transfer in studied tasks","mixed web and robot datasets","simulation for RL/planning","unified high/low-level conditions","distribution coverage; limited transfer is not general physics proof","data grounding needed for medical actions","conditioned recurrent video generation","bước môi trường; đổi sang giây UNKNOWN","UNKNOWN: chưa xác minh hiệu chuẩn xác suất","RL trained in simulation; task-specific transfer","https://universal-simulator.github.io","metadata + abstract","ICLR published PDF; abstract","arXiv version UNKNOWN nếu không ghi vN; canonical là bản công bố khi đã xác minh","2026-09-12","VERIFIED: metadata và mô tả nguồn; INTERPRETATION / HYPOTHESIS: limitation và relevance","Primary proceedings/arXiv/official author record; read depth and version limits above"
"G15","Navigation World Models","Amir Bar; Gaoyue Zhou; Danny Tran; Trevor Darrell; Yann LeCun","2025","CVPR:15791–15801","Published","2412.03572","UNKNOWN","https://openaccess.thecvf.com/content/CVPR2025/html/Bar_Navigation_World_Models_CVPR_2025_paper.html","egocentric navigation","yes","egocentric navigation","image prefix + motion and elapsed time","visual latent history; no explicit metric map","latent dự đoán; ý nghĩa vật lý/sinh học chưa tự xác lập","relative translation/yaw; Δt","conditional video model","future egocentric observations","8 steps ×0.25 s for planning; 4 s video evaluation","ATE/RPE; candidate trajectory ranking; image metrics","RECON; TartanDrive; SCAND; HuRoN; Ego4D; GoStanford","image-goal navigation","trajectory metrics complement perceptual quality","image-goal cost may ignore unseen obstacles","queryable view predictions require explicit information boundary","autoregressive view generation; goal MPC/ranking","seconds","generative sampling; calibration UNKNOWN","CEM; rank NoMaD trajectories","UNKNOWN","full-text methods/evaluation","Planning implementation; navigation evaluation","arXiv version UNKNOWN nếu không ghi vN; canonical là bản công bố khi đã xác minh","2026-09-12","VERIFIED: metadata và mô tả nguồn; INTERPRETATION / HYPOTHESIS: limitation và relevance","Primary proceedings/arXiv/official author record; read depth and version limits above"
"G16","DriveDreamer: Towards Real-world-driven World Models for Autonomous Driving","Xiaofeng Wang; Zheng Zhu; Guan Huang; Xinze Chen; Jiagang Zhu; Jiwen Lu","2024","ECCV","Published","2309.09777","UNKNOWN","https://www.ecva.net/papers/eccv_2024/papers_ECCV/html/6416_ECCV_2024_paper.php","autonomous driving","yes","autonomous driving","driving video; structured road/box conditions","latent driving scene conditioned on structure","latent dự đoán; ý nghĩa vật lý/sinh học chưa tự xác lập","driving conditions/actions","structured conditional video dynamics","video; driving actions","multi-frame; numeric UNKNOWN","video fidelity and driving-action prediction","nuScenes","driving simulation","structured controls constrain image generation","future supplied layouts must not be mistaken for forecasted state","distinguish known future acquisition query from unknown future anatomy","conditioned video generation; long recursive mechanism UNKNOWN from abstract","bước môi trường; đổi sang giây UNKNOWN","UNKNOWN: chưa xác minh hiệu chuẩn xác suất","not established by abstract-level evidence","https://drivedreamer.github.io","metadata + abstract","Trang nguồn/abstract","arXiv version UNKNOWN nếu không ghi vN; canonical là bản công bố khi đã xác minh","2026-09-12","VERIFIED: metadata và mô tả nguồn; INTERPRETATION / HYPOTHESIS: limitation và relevance","Primary proceedings/arXiv/official author record; read depth and version limits above"
"G17","Vista: A Generalizable Driving World Model with High Fidelity and Versatile Controllability","Shenyuan Gao; Jiazhi Yang; Li Chen; Kashyap Chitta; Yihang Qiu; Andreas Geiger; Jun Zhang; Hongyang Li","2024","NeurIPS","Published","2405.17398","10.52202/079017-2906","https://proceedings.neurips.cc/paper_files/paper/2024/hash/a6a066fb44f2fe0d36cf740c873b8890-Abstract-Conference.html","driving video","yes","driving video","recent frames; motion conditions","video latent/history","latent dự đoán; ý nghĩa vật lý/sinh học chưa tự xác lập","trajectory; command; angle/speed; goal","conditional denoising; history-based extension","future video; variance-derived action score","15 s qualitative long rollout; quantitative task-dependent","control consistency; reward versus perturbed trajectories; FVD","OpenDV-YouTube; nuScenes; Waymo","simulation/action assessment","uncertainty used as action-score signal","low variance is not correctness or safety; MPC suggested not demonstrated here","validate uncertainty against independent endpoint","iterative future video chunks; candidate-trajectory reward sampling","10 Hz video; seconds","conditional sample variance; calibration not established","reward assessment evaluated; MPC listed as possible use","https://github.com/OpenDriveLab/Vista","full-text methods/evaluation/appendix","§3.3; §4.3; Appendix A/C/D","arXiv version UNKNOWN nếu không ghi vN; canonical là bản công bố khi đã xác minh","2026-09-12","VERIFIED: metadata và mô tả nguồn; INTERPRETATION / HYPOTHESIS: limitation và relevance","Primary source + Crossref DOI metadata checked 2026-09-12; author/title normalization reviewed"
"G18","Learning to Simulate Complex Physics with Graph Networks","Alvaro Sanchez-Gonzalez; Jonathan Godwin; Tobias Pfaff; Rex Ying; Jure Leskovec; Peter Battaglia","2020","ICML; PMLR119:8459–8468","Published","2002.09405","UNKNOWN","https://proceedings.mlr.press/v119/sanchez-gonzalez20a.html","particle physical dynamics","no","particle physical dynamics","particle trajectories and material/boundary information","positions, motion history, particle attributes","explicit geometric/physical input state","boundary/forcing conditions","message passing predicts acceleration; numerical integration","future particle states","thousands of steps reported","state rollout error and generalization","simulated fluids/solids/granular systems","physical simulation","direct state-based multi-step evaluation","privileged particle states; visual inverse problem unsolved","geometry must be inferred and independently validated","learned acceleration followed by numerical integration","bước môi trường; đổi sang giây UNKNOWN","deterministic; training noise improves robustness","not primary objective","UNKNOWN","metadata + abstract","Paper simulation framework and rollout results","arXiv version UNKNOWN nếu không ghi vN; canonical là bản công bố khi đã xác minh","2026-09-12","VERIFIED: metadata và mô tả nguồn; INTERPRETATION / HYPOTHESIS: limitation và relevance","Primary proceedings/arXiv/official author record; read depth and version limits above"
"G19","PhysGaussian: Physics-Integrated 3D Gaussians for Generative Dynamics","Tianyi Xie; Zeshun Zong; Yuxing Qiu; Xuan Li; Yutao Feng; Yin Yang; Chenfanfu Jiang","2024","CVPR:4389–4398","Published","UNKNOWN","UNKNOWN","https://openaccess.thecvf.com/content/CVPR2024/html/Xie_PhysGaussian_Physics-Integrated_3D_Gaussians_for_Generative_Dynamics_CVPR_2024_paper.html","3D material dynamics and rendering","no","3D material dynamics and rendering","multiview images; assigned physical parameters","3D Gaussians linked to continuum state","geometric and physical; partly specified rather than learned","external force/boundary settings","material-point physics; deformation and rendering","deformed geometry and images","physics integration; numeric horizon UNKNOWN","dynamic rendering/physical scenarios","reconstructed scenes; material simulations","render physical simulation","explicit physical state under assumptions","material identification from images not automatically solved","tissue mechanics needs constitutive and contact evidence","material-point simulation and rendering","bước môi trường; đổi sang giây UNKNOWN","UNKNOWN","not primary objective","UNKNOWN","metadata + abstract","Trang nguồn/abstract","arXiv version UNKNOWN nếu không ghi vN; canonical là bản công bố khi đã xác minh","2026-09-12","VERIFIED: metadata và mô tả nguồn; INTERPRETATION / HYPOTHESIS: limitation và relevance","Primary proceedings/arXiv/official author record; read depth and version limits above"
"G20","4D Gaussian Splatting for Real-Time Dynamic Scene Rendering","Guanjun Wu; Taoran Yi; Jiemin Fang; Lingxi Xie; Xiaopeng Zhang; Wei Wei; Wenyu Liu; Qi Tian; Xinggang Wang","2024","CVPR:20310–20320","Published","2310.08528","UNKNOWN","https://openaccess.thecvf.com/content/CVPR2024/html/Wu_4D_Gaussian_Splatting_for_Real-Time_Dynamic_Scene_Rendering_CVPR_2024_paper.html","dynamic scene reconstruction","no","dynamic scene reconstruction","observed dynamic views/timestamps","4D Gaussian scene representation","geometric scene representation","camera query; not environmental intervention","time-indexed deformation/rendering","novel-view render","observed temporal domain; future forecasting UNKNOWN","rendering fidelity/speed","dynamic scene datasets; exact extraction UNKNOWN","reconstruction/rendering","efficient dynamic representation","held-out view/time interpolation is not future dynamics validation","negative control for calling 4D reconstruction a WM","query time-conditioned scene deformation; forecasting not established","bước môi trường; đổi sang giây UNKNOWN","UNKNOWN: chưa xác minh hiệu chuẩn xác suất","no demonstrated control","https://github.com/hustvl/4DGaussians","metadata + abstract","Trang nguồn/abstract","arXiv version UNKNOWN nếu không ghi vN; canonical là bản công bố khi đã xác minh","2026-09-12","VERIFIED: metadata và mô tả nguồn; INTERPRETATION / HYPOTHESIS: limitation và relevance","Primary proceedings/arXiv/official author record; read depth and version limits above"
"G21","GeoWorld: Geometric World Models","Zeyu Zhang; Danning Li; Ian Reid; Richard Hartley","2026","CVPR:30952–30963","Published","2602.23058","UNKNOWN","https://openaccess.thecvf.com/content/CVPR2026/html/Zhang_GeoWorld_Geometric_World_Models_CVPR_2026_paper.html","instructional procedure planning","yes","instructional procedure planning","video procedure observations","hyperbolic latent hierarchy","latent hyperbolic geometry","procedure action sequence","latent dynamics for procedure plans","future procedural states/actions","3/4-step task planning","procedure success metrics","CrossTask; COIN","procedure planning","geometric latent organization","geometric means hyperbolic representation, not metric 3D tissue","do not equate latent geometry with anatomy","latent procedural-step prediction; recursive mechanism UNKNOWN from abstract","bước môi trường; đổi sang giây UNKNOWN","UNKNOWN: chưa xác minh hiệu chuẩn xác suất","procedure planning","https://steve-zeyu-zhang.github.io/GeoWorld","metadata + abstract","Trang nguồn/abstract","arXiv version UNKNOWN nếu không ghi vN; canonical là bản công bố khi đã xác minh","2026-09-12","VERIFIED: metadata và mô tả nguồn; INTERPRETATION / HYPOTHESIS: limitation và relevance","Primary proceedings/arXiv/official author record; read depth and version limits above"
"G22","Cosmos World Foundation Model Platform for Physical AI","NVIDIA: Niket Agarwal et al. (danh sách rút gọn; toàn bộ contributors tại arXiv)","2025","Technical report","Technical report / preprint","2501.03575v3","UNKNOWN","https://research.nvidia.com/publication/2025-01_cosmos-world-foundation-model-platform-physical-ai","general physical-AI video","yes","general physical-AI video","video; text and other task conditions","tokenized/generative visual representation","latent dự đoán; ý nghĩa vật lý/sinh học chưa tự xác lập","depends on downstream adaptation","video generation/prediction platform","future video","model-specific; numeric UNKNOWN","video and downstream platform demonstrations","large video corpus; licenses task-specific","pretrain then adapt","foundation-model tooling and scale","platform availability does not validate a medical simulator","transfer capabilities; not blanket physics/clinical validity","conditional video generation; model-dependent rollout","bước môi trường; đổi sang giây UNKNOWN","generative sampling; calibration UNKNOWN","downstream-dependent","https://github.com/NVIDIA/Cosmos","metadata + abstract","Trang nguồn/abstract","Technical report; original v1 January 2025, metadata/abstract v3 July 2025; peer-reviewed publication UNKNOWN.","2026-09-12","VERIFIED: metadata và mô tả nguồn; INTERPRETATION / HYPOTHESIS: limitation và relevance","Primary proceedings/arXiv/official author record; read depth and version limits above"
"G23","DreamDojo: A Generalist Robot World Model from Large-Scale Human Videos","Shenyuan Gao; William Liang; Kaiyuan Zheng; Ayaan Malik; Seonghyeon Ye; Sihyun Yu; Wei-Cheng Tseng; Yuzhu Dong; Kaichun Mo; Chen-Hsuan Lin; Qianli Ma; Seungjun Nah; Loic Magne; Jiannan Xiang; Yuqi Xie; Ruijie Zheng; Dantong Niu; You Liang Tan; K. R. Zentner; George Kurian; Suneel Indupuru; Pooya Jannaty; Jinwei Gu; Jun Zhang; Jitendra Malik; Pieter Abbeel; Ming-Yu Liu; Yuke Zhu; Joel Jang; Linxi Jim Fan","2026","ICML 2026 theo official repository; proceedings record UNKNOWN","Accepted/venue reported by authors; version read is preprint","2602.06949v1","UNKNOWN","https://arxiv.org/abs/2602.06949","robot manipulation simulator","yes","robot manipulation simulator","human videos then target-robot trajectories","video latent history","latent dự đoán; ý nghĩa vật lý/sinh học chưa tự xác lập","latent proxy actions pretraining; robot action post-training","conditional video dynamics; distilled autoregressive chunks","future video and task success","~80 s policy-evaluation rollout; >1 min interactive demo","real-vs-sim policy rank/correlation; physical policy steering","DreamDojo-HV; GR-1; AgiBot; G1","policy evaluation and action proposal selection","external policy rank agreement beyond video quality","overestimates absolute success; uncommon actions and multiview limitations","medical simulator must reproduce failures, not only rank","causal short-chunk generation / distilled streaming","seconds","sampling, but no calibrated success probabilities","select proposals using imagined video and external value model","https://github.com/NVIDIA/DreamDojo","full-text §3–4.7 and limitations","§4.7; §5; Table6","arXiv version UNKNOWN nếu không ghi vN; canonical là bản công bố khi đã xác minh","2026-09-12","VERIFIED: metadata và mô tả nguồn; INTERPRETATION / HYPOTHESIS: limitation và relevance","Primary proceedings/arXiv/official author record; read depth and version limits above"
"G24","Dyna-style planning with linear function approximation and prioritized sweeping","Richard S. Sutton; Csaba Szepesvári; Alborz Geramifard; Michael Bowling","2008","UAI; PMLR R6:528–536","Published; PMLR reissue 2024","1206.3285","UNKNOWN","https://proceedings.mlr.press/r6/sutton08a.html","model-based reinforcement learning","yes","model-based reinforcement learning","environment features and transitions","linear feature state/model","observed/engineered feature state","environment action","linear model → imagined transitions → value updates","future features/rewards/value","imaginary transition updates; horizon details UNKNOWN","convergence analysis; Mountain Car/Boyan Chain","Mountain Car; Boyan Chain","online value/control learning","mô hình tạo experience để học, có trước pixel world models","feature/state setup khác inference từ ảnh","world model không cần neural visual generator","imaginary model transitions used in value updates","environment steps","UNKNOWN: chưa xác minh hiệu chuẩn xác suất","Dyna-style imagined updates, prioritized sweeping","UNKNOWN","metadata + abstract","Trang nguồn/abstract","Original UAI 2008; arXiv upload 2012; PMLR reissue 2024 không đổi canonical year","2026-09-12","VERIFIED: metadata và mô tả nguồn; INTERPRETATION / HYPOTHESIS: limitation và relevance","Primary proceedings/arXiv/official author record; read depth and version limits above"
"G25","Deep Predictive Coding Networks for Video Prediction and Unsupervised Learning","William Lotter; Gabriel Kreiman; David Cox","2017","ICLR","Published; author lab confirms ICLR 2017","1605.08104v5","UNKNOWN","https://arxiv.org/abs/1605.08104v5","visual predictive representation","no","visual predictive representation","video history","recurrent representations and prediction-error hierarchy","latent dự đoán; ý nghĩa vật lý/sinh học chưa tự xác lập","none","recurrent frame prediction","future frame; reusable representation","next-frame; extended rollout horizon UNKNOWN in extraction","pixel prediction; object parameter/steering readout","synthetic objects; car-mounted video","unsupervised visual representation","nối prediction và representation usefulness trước frontier gần đây","readout tốt chưa chứng minh simulator/planning","baseline lineage: predictive latent không tự interpretable","recurrent next-frame inference; extended rollout UNKNOWN","bước môi trường; đổi sang giây UNKNOWN","UNKNOWN: chưa xác minh hiệu chuẩn xác suất","không có planning được xác minh","https://coxlab.github.io/prednet/","metadata + abstract","Trang nguồn/abstract","ICLR status: https://klab.tch.harvard.edu/resources/lotteretal_prednet.html ; original arXiv 2016, v5 2017","2026-09-12","VERIFIED: metadata và mô tả nguồn; INTERPRETATION / HYPOTHESIS: limitation và relevance","Primary proceedings/arXiv/official author record; read depth and version limits above"
"G26","Revisiting Feature Prediction for Learning Visual Representations from Video","Adrien Bardes; Quentin Garrido; Jean Ponce; Xinlei Chen; Michael Rabbat; Yann LeCun; Mahmoud Assran; Nicolas Ballas","2024","arXiv; peer-reviewed venue UNKNOWN","Preprint verified","2404.08471v1","UNKNOWN","https://arxiv.org/abs/2404.08471v1","representation-centric video prediction","no","representation-centric video prediction","visible video regions","video features","latent dự đoán; ý nghĩa vật lý/sinh học chưa tự xác lập","none","masked feature prediction","features in masked regions; downstream representations","masked clip context; temporal rollout not established in extraction","frozen image/video task readouts","public video datasets; evaluation Kinetics/SSv2/ImageNet","learn reusable visual representation","feature prediction không cần pixel reconstruction","masking có thể thấy future context; không automatic prefix forecast","tách representation learning khỏi temporal dynamics contract","masked feature prediction; no temporal rollout verified","within clip; actual-time transition UNKNOWN","UNKNOWN: chưa xác minh hiệu chuẩn xác suất","không có planning được xác minh","UNKNOWN","metadata + abstract","Trang nguồn/abstract","V-JEPA 2024; không gán ECCV khi proceedings chưa xác minh","2026-09-12","VERIFIED: metadata và mô tả nguồn; INTERPRETATION / HYPOTHESIS: limitation và relevance","Primary proceedings/arXiv/official author record; read depth and version limits above"
"K01","Challenging Common Assumptions in the Unsupervised Learning of Disentangled Representations","Francesco Locatello; Stefan Bauer; Mario Lucic; Gunnar Raetsch; Sylvain Gelly; Bernhard Schölkopf; Olivier Bachem","2019","ICML; PMLR97:4114–4124","Published","UNKNOWN","UNKNOWN","https://proceedings.mlr.press/v97/locatello19a.html","representation identification theory","no","representation identification theory","unsupervised samples","latent factors","latent factors","N/A","N/A: not a dynamics model","N/A","N/A","theoretical identifiability; benchmark study","seven representation datasets","test disentanglement assumptions","inductive biases/supervision necessary under theorem setting","does not prove every medically supervised latent uninterpretable","require external semantics tests","N/A: representation-identifiability paper, not future simulator","N/A: identifiability theory","N/A","N/A","UNKNOWN","metadata + abstract","Trang nguồn/abstract","arXiv version UNKNOWN nếu không ghi vN; canonical là bản công bố khi đã xác minh","2026-09-12","VERIFIED: metadata và mô tả nguồn; INTERPRETATION / HYPOTHESIS: limitation và relevance","Primary proceedings/arXiv/official author record; read depth and version limits above"
"K02","Forecasting Treatment Responses Over Time Using Recurrent Marginal Structural Networks","Bryan Lim","2018","NeurIPS31","Published","UNKNOWN","UNKNOWN","https://papers.nips.cc/paper_files/paper/2018/hash/56e6a93212e4482d99c84a639d254b67-Abstract.html","causal longitudinal treatment response","no","causal longitudinal treatment response","longitudinal covariates, treatments, outcomes","recurrent covariate history","latent dự đoán; ý nghĩa vật lý/sinh học chưa tự xác lập","planned treatment sequence","propensity weighting plus sequence model","treatment-response trajectory","multiple treatment steps","known-effects PK-PD simulation; policy shift","simulated tumor growth","adjust time-dependent confounding","distinguishes prediction from identified intervention","requires assumptions/data, not transferable by adding action input","do not infer do-effect from observational care","weighted recurrent treatment-response prediction","treatment steps","identification distinct from uncertainty","response forecasts, not automatically evaluated treatment policy","UNKNOWN","official abstract + original PDF","time-dependent confounding; causal assumptions and simulation","arXiv version UNKNOWN nếu không ghi vN; canonical là bản công bố khi đã xác minh","2026-09-12","VERIFIED: metadata và mô tả nguồn; INTERPRETATION / HYPOTHESIS: limitation và relevance","Primary proceedings/arXiv/official author record; read depth and version limits above"
"M01","Cardiac Copilot: Automatic Probe Guidance for Echocardiography with World Model","Haojun Jiang; Zhenguo Sun; Ning Jia; Meng Li; Yu Sun; Shaqi Luo; Shiji Song; Gao Huang","2024","MICCAI; LNCS15001:190–199","Published","2406.13165","10.1007/978-3-031-72378-0_18","https://papers.miccai.org/miccai-2024/118-Paper0053.html","B: echocardiography acquisition","yes","B: echocardiography acquisition","ultrasound image; tracked probe motion","cardiac plane features","latent dự đoán; ý nghĩa vật lý/sinh học chưa tự xác lập","measured relative motion; proposed guidance","predict nearby plane feature; refine guidance","target-plane displacement","one imagined correction; reactive updates possible","navigation displacement errors","110 train scans; 15 test per source; public release UNKNOWN","probe guidance","world-model framing in medicine before 2025","offline guidance error does not establish novice clinical success","invalidates broad first-medical-WM claims","one imagined guidance correction reported","spatial pose change; elapsed-time horizon UNKNOWN","UNKNOWN: chưa xác minh hiệu chuẩn xác suất","one-step imagined guidance refinement; not validated long-horizon MPC","UNKNOWN","official abstract, paper information and author response","Abstract; author response items1,2,7; code/data N/A","arXiv version UNKNOWN nếu không ghi vN; canonical là bản công bố khi đã xác minh","2026-09-12","VERIFIED: metadata và mô tả nguồn; INTERPRETATION / HYPOTHESIS: limitation và relevance","Primary source + Crossref DOI metadata checked 2026-09-12; author/title normalization reviewed"
"M02","EchoWorld: Learning Motion-Aware World Models for Echocardiography Probe Guidance","Yang Yue; Yulin Wang; Haojun Jiang; Pan Liu; Shiji Song; Gao Huang","2025","CVPR","Published","2504.13065v1","UNKNOWN","https://openaccess.thecvf.com/content/CVPR2025/html/Yue_EchoWorld_Learning_Motion-Aware_World_Models_for_Echocardiography_Probe_Guidance_CVPR_2025_paper.html","B: cardiac view acquisition","yes","B: cardiac view acquisition","image pairs; tracked poses; historical image-pose sequence","spatial and motion-aware features","latent dự đoán; ý nghĩa vật lý/sinh học chưa tự xác lập","relative measured 6-DoF probe transform","target-feature prediction plus masked spatial prediction","visual target feature; downstream guidance vector","pairwise pretraining; historical sequential guidance ≠ free rollout","translation/rotation guidance errors","356 scans; 284 train/72 test; release UNKNOWN","probe guidance","motion conditioning and memory improve task representation","no proved clinical latent or calibrated long-horizon simulator","strong prior art against merely adding pose or history","pairwise predictive pretraining; real observed history in guidance","pose-query spatial transition; physical-time forecast horizon UNKNOWN","latent relationship variable; no calibrated predictive uncertainty demonstrated","supervised guidance; closed-loop planning not established","UNKNOWN","full-text §3–5 and appendix; PDF visual inspection p4","§4.1–4.2; sequential protocol; Appendix dataset","arXiv version UNKNOWN nếu không ghi vN; canonical là bản công bố khi đã xác minh","2026-09-12","VERIFIED: metadata và mô tả nguồn; INTERPRETATION / HYPOTHESIS: limitation và relevance","Primary proceedings/arXiv/official author record; read depth and version limits above"
"M03","Action-Conditioned World Model for Goal Plane Probe Guidance in Robotic Ultrasound","Siqi Fan; Mingcong Chen; Ran Liu; Zixuan Yang; Xiaoyu Fu; Xiaoqing Gao; Yunhui Liu; Hongbin Liu","2026","arXiv; peer-reviewed venue UNKNOWN","Preprint","2607.21918v2","UNKNOWN","https://arxiv.org/abs/2607.21918v2","B: robotic neck ultrasound","yes","B: robotic neck ultrasound","recent images; synchronized measured poses; Δt","image latent/history","predictive visual latent; no explicit tissue/contact state","relative pose during learning; discrete motion commands at deployment","conditional future latent; frozen-model policy reward","future observation and goal-plane progress","0.5–30 s offset tests; physical trials ≤100 s/goal","SSIM/LPIPS; inverse recovery; real goal success 20 trials/task","self-collected 20 people; public release UNKNOWN","train goal-guidance policy","real closed-loop evaluation beyond pixels","force used only in low-level control; not model input; limited local action support","planning transfer is possible but requires grounded data","time-offset-conditioned prediction; imagined policy learning and real closed-loop evaluation","seconds","sampling; no calibration shown","policy learned with model reward; physical closed-loop execution","UNKNOWN","full-text §II–IV","Fig4; TableI; TableIV; Discussion","arXiv version UNKNOWN nếu không ghi vN; canonical là bản công bố khi đã xác minh","2026-09-12","VERIFIED: metadata và mô tả nguồn; INTERPRETATION / HYPOTHESIS: limitation và relevance","Primary proceedings/arXiv/official author record; read depth and version limits above"
"M04","Medical World Model","Yijun Yang; Zhao-Yang Wang; Qiuping Liu; Shuwen Sun; Kang Wang; Rama Chellappa; Zongwei Zhou; Alan Yuille; Lei Zhu; Yu-Dong Zhang; Jieneng Chen","2025","ICCV:8319–8329","Published","2506.02327","UNKNOWN","https://openaccess.thecvf.com/content/ICCV2025/html/Yang_Medical_World_Model_ICCV_2025_paper.html","C: HCC under TACE / MeWM","yes","C: HCC under TACE / MeWM","pre-treatment CT; masks; clinical treatment candidates","CT latent; survival-risk representation","latent dự đoán; ý nghĩa vật lý/sinh học chưa tự xác lập","TACE drug/embolic protocol condition","conditional post-treatment image generation; survival scorer","post-CT and predicted survival risk","pre→post event; tree search over protocols, not multi-visit validation","image quality; radiologist assessment; retrospective treatment agreement/survival","local HCC-TACE pairs; HCC-TACE-Seg","treatment candidate search","explicit planning interface over generated medical futures","observational agreement does not identify counterfactual treatment benefit","separate computational search from clinical causal utility","protocol-conditioned post-treatment generation + protocol tree search","post-treatment event; actual per-case delay UNKNOWN","generative sampling; calibrated treatment-effect uncertainty UNKNOWN","tree search with predicted survival scorer","https://github.com/scott-yjyang/MeWM","full-text §3 and evaluation/appendix","§3 forward/inverse dynamics; retrospective evaluation","arXiv title adds Generative Simulation of Tumor Evolution for Treatment Planning; ICCV title canonical","2026-09-12","VERIFIED: metadata và mô tả nguồn; INTERPRETATION / HYPOTHESIS: limitation và relevance","Primary proceedings/arXiv/official author record; read depth and version limits above"
"M05","ImageFlowNet: Forecasting Multiscale Image-Level Trajectories of Disease Progression with Irregularly-Sampled Longitudinal Medical Images","Chen Liu; Ke Xu; Liangbo L. Shen; Guillaume Huguet; Zilong Wang; Alexander Tong; Danilo Bzdok; Jay Stewart; Jay C. Wang; Lucian V. Del Priore; Smita Krishnaswamy","2025","ICASSP","Published","2406.14794v6","10.1109/ICASSP49660.2025.10890535","https://doi.org/10.1109/ICASSP49660.2025.10890535","C: retinal/MS/GBM image trajectories","no","C: retinal/MS/GBM image trajectories","prior image(s); actual visit intervals","multiscale visual latent","latent dự đoán; ý nghĩa vật lý/sinh học chưa tự xác lập","none","ODE/SDE latent flow; patient history adaptation","future image and derived lesion geometry","arbitrary Δt query; multi-visit trajectories; dense GT UNKNOWN","PSNR/SSIM; Dice/HD; adaptation and stochastic ablations","retinal GA; ISBI MS; LUMIERE","image-level forecast","continuous-time, multiscale, patient-specific, stochastic prior art","retinal anchor/crop chosen from full series; strict prefix needs re-audit","not novel to add continuous time or multi-hypothesis","continuous-time latent integration/query; history adaptation uses available past","irregular clinical intervals","SDE sampled futures; calibration not established","none","https://github.com/KrishnaswamyLab/ImageFlowNet","full-text methods/evaluation/Appendix D,F","§5.5–5.6; AppendixD.1/D.3","Canonical ICASSP 2025 short version; methods dùng extended arXiv v6. DOI/title/authors corroborated by Duke institutional record and official repository; publisher resolver access error. Crossref DOI metadata matched 2026-09-12.","2026-09-12","VERIFIED: metadata và mô tả nguồn; INTERPRETATION / HYPOTHESIS: limitation và relevance","Primary source + Crossref DOI metadata checked 2026-09-12; author/title normalization reviewed"
"M06","Treatment-Aware Diffusion Probabilistic Model for Longitudinal MRI Generation and Diffuse Glioma Growth Prediction","Qinghui Liu; Elies Fuster-Garcia; Ivar Thokle Hovden; Bradley J. MacIntosh; Edvard O. S. Grødem; Petter Brandal; Carles Lopez-Mateu; Donatas Sederevičius; Karoline Skogen; Till Schellhorn; Atle Bjørnerud; Kyrre Eeg Emblem","2025","IEEE Transactions on Medical Imaging 44(6):2449–2462","Published","2309.05406v5","10.1109/TMI.2025.3533038","https://doi.org/10.1109/TMI.2025.3533038","C: glioma / TaDiff","no","C: glioma / TaDiff","past MRI/masks; time; recorded treatment","image/lesion latent conditioned on history","latent dự đoán; ý nghĩa vật lý/sinh học chưa tự xác lập","observed treatment condition","conditional stochastic future generation","MRI and tumor segmentation","longitudinal future query; interpolation/reconstruction training also used","image and lesion metrics; external MRI evaluation","local 23 patients/225 exams; external LUMIERE subset","forecast under treatment context","joint future MRI and tumor burden","external automated masks not expert ground truth; observational treatment not causal","strong treatment-aware baseline; label provenance critical","time/treatment-conditioned diffusion sampling; temporal target selection","irregular clinical visits","multiple diffusion samples; calibration UNKNOWN","none","https://github.com/samleoqh/TaDiff-Net","full-text methods; §IV-A/B evaluation","§IV-A 18/5 patient split; external labels; training sampling","Canonical TMI 2025; arXiv v5 dùng cho methods. DOI metadata corroborated by UPV institutional record and PubMed 40031286; publisher resolver access error. Crossref DOI metadata matched 2026-09-12.","2026-09-12","VERIFIED: metadata và mô tả nguồn; INTERPRETATION / HYPOTHESIS: limitation và relevance","Primary source + Crossref DOI metadata checked 2026-09-12; author/title normalization reviewed"
"M07","Learning Patient-Specific Disease Dynamics with Latent Flow Matching for Longitudinal Imaging Generation","Hao Chen; Rui Yin; Yifan Chen; Qi Chen; Chao Li","2026","ICLR","Published","2512.09185v4","UNKNOWN","https://openreview.net/pdf/a1558b2e7d9494789fdd3057059dfbe2add8737e.pdf","C: neurodegeneration / Δ-LFM","no","C: neurodegeneration / Δ-LFM","MRI and visit time/history","patient-specific ordered latent trajectory","latent dự đoán; ý nghĩa vật lý/sinh học chưa tự xác lập","none","time-conditioned latent flow; ArcRank constraints","future MRI and regional change","irregular longitudinal queries; numeric clinical range UNKNOWN","SSIM/PSNR; regional MAE and ΔRMAE","ADNI; OASIS-3; AIBL","individual future imaging","patient-specific direction and anatomical change evaluation","monotonic ordering not generally valid for treated lesions","regional/patient-specific states already studied","patient trajectory-conditioned generation at target time","months/years","generative variability; calibration UNKNOWN","none","UNKNOWN","camera-ready metadata; full arXiv methods/evaluation","§3; §4.1; regional-change experiments","v4 2026-06-17; ICLR publication verified in camera-ready header","2026-09-12","VERIFIED: metadata và mô tả nguồn; INTERPRETATION / HYPOTHESIS: limitation và relevance","Primary proceedings/arXiv/official author record; read depth and version limits above"
"M08","Brain Latent Progression: Individual-based spatiotemporal disease progression on 3D Brain MRIs via latent diffusion","Lemuel Puglisi; Daniel C. Alexander; Daniele Ravì","2025","Medical Image Analysis 106:103734","Published","2502.08560v2","10.1016/j.media.2025.103734","https://doi.org/10.1016/j.media.2025.103734","C: brain aging / BrLP","no","C: brain aging / BrLP","baseline MRI; metadata; earlier regional volumes","MRI latent plus predicted regional covariates","latent dự đoán; ý nghĩa vật lý/sinh học chưa tự xác lập","none; cognitive-status condition is not treatment","auxiliary regional trajectory + conditional generation; latent averaging","future MRI and regional anatomy","target age queries; longitudinal variants","regional volume error; image metrics; uncertainty-error association","ADNI; OASIS-3; AIBL; external cohort","personalized image forecast","regional progression priors and assessed uncertainty","association with error not calibrated future coverage; subgroup conditioning needs information audit","invalidates broad uncertainty/history/regional novelty","auxiliary regional progression prediction + conditioned MRI sampling","years","sample latent dispersion; global/voxel error correlations evaluated","none; clinical-trial use explored as application","https://github.com/LemuelPuglisi/BrLP","full-text methods §4; evaluation §5.6","§4.3–4.6; §5.5–5.7","arXiv version UNKNOWN nếu không ghi vN; canonical là bản công bố khi đã xác minh; Canonical author metadata lists Puglisi, Alexander, Ravì; ADNI/AIBL study-group acknowledgement is not expanded as additional named authors.","2026-09-12","VERIFIED: metadata và mô tả nguồn; INTERPRETATION / HYPOTHESIS: limitation và relevance","Primary source + Crossref DOI metadata checked 2026-09-12; author/title normalization reviewed"
"M09","Frame forecasting in cine MRI using the PCA respiratory motion model: comparing recurrent neural networks trained online and transformers","Michel Pohl; Mitsuru Uesaka; Hiroyuki Takahashi; Kazuyuki Demachi; Ritu Bhusal Chhatkuli","2026","Computerized Medical Imaging and Graphics 131:102755","Published","2410.05882v3","10.1016/j.compmedimag.2026.102755","https://www.sciencedirect.com/science/article/abs/pii/S0895611126000583","A: respiratory cine-MRI","no","A: respiratory cine-MRI","past images → optical-flow PCA scores","fixed deformation basis + time-varying coefficients/history","inferred geometric DVF coefficients; hidden RNN memory predictive","none","direct horizon-specific weight regression then warp","future DVF and frame","h up to 2.2 s; separate model per h; not recursive rollout","PCA error; geometry; image similarity; simple vs learned baselines","12 sagittal sequences: ETH Zürich/OvGU","latency compensation","strong PCA+linear/online learned comparison","small data; stable basis; out-of-plane and scanner shift","learned dynamics must beat simple state under matched context","separate direct predictor for each horizon; no recursive rollout","0.32 s ETH cadence / 6 Hz OvGU; h≤2.2 s","across-run confidence intervals; not predictive calibration","none","https://github.com/pohl-michel/2D-MR-image-prediction","PDF methods/evaluation; visually inspected Table2","§2.2–2.4; Table2; §2.3.3","arXiv version UNKNOWN nếu không ghi vN; canonical là bản công bố khi đã xác minh","2026-09-12","VERIFIED: metadata và mô tả nguồn; INTERPRETATION / HYPOTHESIS: limitation và relevance","Primary source + Crossref DOI metadata checked 2026-09-12; author/title normalization reviewed"
"M10","A Latent ODE Approach to Spatiotemporal Modeling of Cine Cardiac MRI","David Brüggemann; Ekaterina Krymova; Firat Özdemir; Jochen von Spiczak; Sebastian Kozerke; Samia Mora; Robert Manka; Mathieu Salzmann; Olga V. Demler","2026","arXiv; venue UNKNOWN","Preprint","2606.26718v1","UNKNOWN","https://arxiv.org/abs/2606.26718","A: cardiac shape dynamics","no","A: cardiac shape dynamics","full-cycle meshes; patient covariates","posterior latent initial condition inferred from full cycle","latent of measured/inferred meshes; not identified biological state","none","phase-aware latent ODE and mesh decoder","reconstructed cycle; risk association","whole observed cardiac cycle; prefix forecast not established","mesh reconstruction; physiological features; HF risk model","UK Biobank; project access not assumed","spatiotemporal representation and risk association","geometry-based temporal representation reuse","full-cycle encoder sees future of a putative prefix task","not evidence of future forecasting despite ODE","whole-cycle encoding then ODE cycle reconstruction","normalized cardiac phase","UNKNOWN: chưa xác minh hiệu chuẩn xác suất","none","UNKNOWN","full-text §3.5, evaluation and AppendixB","§3.5 encoder; downstream Cox analysis","arXiv version UNKNOWN nếu không ghi vN; canonical là bản công bố khi đã xác minh","2026-09-12","VERIFIED: metadata và mô tả nguồn; INTERPRETATION / HYPOTHESIS: limitation và relevance","Primary proceedings/arXiv/official author record; read depth and version limits above"
"M11","4D CardioSynth: Synthesising Dynamic Virtual Heart Populations Through Spatiotemporal Disentanglement","Haoran Dou; Jinghan Huang; Arezoo Zakeri; Zherui Zhou; Tingting Mu; Jinming Duan; Alejandro F. Frangi","2025","MICCAI 2025:3–12","Published","UNKNOWN","10.1007/978-3-032-04947-6_1","https://papers.miccai.org/miccai-2025/0004-Paper2701.html","A: virtual cardiac anatomy","no","A: virtual cardiac anatomy","cardiac mesh sequences; ED anatomy","spatial and temporal generative codes","mesh-derived geometric latent","none","generate dynamic deformations","virtual full-cycle cardiac meshes","one modeled cardiac cycle","population generalization/specificity/diversity; shape plausibility","biventricular dynamic shape cohort; exact unit count và public access UNKNOWN","virtual cohorts","anatomical dynamic synthesis","population synthesis does not establish patient-prefix future accuracy","object/anatomy-centric dynamics are prior art","shape-conditioned cycle generation; prefix forecast not established","cardiac cycle","UNKNOWN: chưa xác minh hiệu chuẩn xác suất","Không được xác minh trong phần đã đọc","UNKNOWN","metadata + abstract","Trang nguồn/abstract","arXiv version UNKNOWN nếu không ghi vN; canonical là bản công bố khi đã xác minh; Crossref: online 2025-09-21, print 2026; canonical conference year giữ 2025.","2026-09-12","VERIFIED: metadata và mô tả nguồn; INTERPRETATION / HYPOTHESIS: limitation và relevance","Primary source + Crossref DOI metadata checked 2026-09-12; author/title normalization reviewed"
"M12","MRI Contrast Enhancement Kinetics World Model","Jindi Kong; Yuting He; Cong Xia; Rongjun Ge; Shuo Li","2026","CVPR:1288–1299","Published","2602.19285","UNKNOWN","https://openaccess.thecvf.com/content/CVPR2026/html/Kong_MRI_Contrast_Enhancement_Kinetics_World_Model_CVPR_2026_paper.html","A/B: contrast-enhancement dynamics","yes","A/B: contrast-enhancement dynamics","noncontrast image; requested seconds post injection","patient-aligned image latent","latent dự đoán; ý nghĩa vật lý/sinh học chưa tự xác lập","elapsed time; injection context not arbitrary treatment action","time-conditioned generation; latent spatial/temporal penalties","enhanced image at requested time","up to 300 s private protocol; sparse measured phases","PSNR/SSIM/LPIPS/rMSE; adjacent-frame cSSIM","private abdominal DCE; Duke Breast DCE-MRI","virtual contrast phases","explicit continuous physical-time query","cSSIM rewards static output; smoothness not validated missing-time kinetics","define biological time separately from denoising time","target-time kinetics query; dense output between sparse observations","seconds after injection","generative samples; kinetic confidence calibration UNKNOWN","none","UNKNOWN","full-text §3–4","§3.1; Eq3–4; §4.1.1 cSSIM; Fig6","arXiv version UNKNOWN nếu không ghi vN; canonical là bản công bố khi đã xác minh","2026-09-12","VERIFIED: metadata và mô tả nguồn; INTERPRETATION / HYPOTHESIS: limitation và relevance","Primary proceedings/arXiv/official author record; read depth and version limits above"
"M13","X-WIN: Building Chest Radiograph World Model via Predictive Sensing","Zefan Yang; Ge Wang; James Hendler; Mannudeep K. Kalra; Pingkun Yan","2026","CVPR:6920–6930","Published","2511.14918","UNKNOWN","https://openaccess.thecvf.com/content/CVPR2026/html/Yang_X-WIN_Building_Chest_Radiograph_World_Model_via_Predictive_Sensing_CVPR_2026_paper.html","B: X-ray acquisition/representation","yes","B: X-ray acquisition/representation","CT-derived projections and real radiographs","predictive sensing latent","latent dự đoán; ý nghĩa vật lý/sinh học chưa tự xác lập","3D geometric transform of projection","predict projection features; align real CXR representation","unseen projection features / downstream tasks","view transformation; not disease time rollout","linear/few-shot probes; CT reconstruction","CT/CXR data; dataset specifics UNKNOWN in abstract extraction","representation learning","acquisition world modeling outside ultrasound","synthetic view transition not future disease nor physical device command","B includes non-ultrasound imaging","CT-derived view/representation prediction; no disease-time rollout verified","view domain; physical time N/A","UNKNOWN: chưa xác minh hiệu chuẩn xác suất","none","UNKNOWN","metadata + abstract","Trang nguồn/abstract","arXiv version UNKNOWN nếu không ghi vN; canonical là bản công bố khi đã xác minh","2026-09-12","VERIFIED: metadata và mô tả nguồn; INTERPRETATION / HYPOTHESIS: limitation và relevance","Primary proceedings/arXiv/official author record; read depth and version limits above"
"M14","Surgical Vision World Model","Saurabh Koju; Saurav Bastola; Prashant Shrestha; Sanskar Amgain; Yash Raj Shrestha; Rudra P. K. Poudel; Binod Bhattarai","2025","DEMI workshop at MICCAI:1–10","Published workshop chapter","2503.02904","10.1007/978-3-032-08009-7_1","https://doi.org/10.1007/978-3-032-08009-7_1","surgical video","yes","surgical video","unlabeled surgical videos","video tokens + inferred latent actions","latent dự đoán; ý nghĩa vật lý/sinh học chưa tự xác lập","latent action code; not robot command","interactive generative video dynamics","next surgical frames","multi-frame; numeric UNKNOWN","video generation and action controllability","SurgToolLoc2022","controllable surgery video simulation","latent-action surgical simulator","unlabeled code does not identify tissue/action physics","strictly separate visual controllability from intervention","latent-action autoregressive surgical video","bước môi trường; đổi sang giây UNKNOWN","UNKNOWN: chưa xác minh hiệu chuẩn xác suất","UNKNOWN","https://github.com/bhattarailab/Surgical-Vision-World-Model","metadata + abstract","Trang nguồn/abstract","DEMI workshop chapter verified author page https://saurabhkoju.com.np/publications/ + Springer book; chapter resolver error; methods scope from arXiv. Not MICCAI main. Crossref DOI metadata matched after retry 2026-09-12. Crossref online 2025-10-12 / print 2026; giữ workshop 2025.","2026-09-12","VERIFIED: metadata và mô tả nguồn; INTERPRETATION / HYPOTHESIS: limitation và relevance","Primary source + Crossref DOI metadata checked 2026-09-12; author/title normalization reviewed"
"M15","SAW: Toward a Surgical Action World Model via Controllable and Scalable Video Generation","Sampath Rapuri; Lalithkumar Seenivasan; Dominik Schneider; Roger Soberanis-Mukul; Yufan He; Hao Ding; Jiru Xu; Chenhao Yu; Chenyan Jing; Pengfei Guo; Daguang Xu; Mathias Unberath","2026","arXiv; venue UNKNOWN","Preprint","2603.13024","UNKNOWN","https://arxiv.org/abs/2603.13024","surgical video","yes","surgical video","reference image; prompts; tool trajectory","generative video/depth representation","latent dự đoán; ý nghĩa vật lý/sinh học chưa tự xác lập","2D tool-tip trajectory and affordance conditions","controlled video generation","surgical clip","clip-based; numeric UNKNOWN","depth consistency; downstream action recognition using augmentation","12,044 curated clips reported","data augmentation/recognition","downstream test beyond image quality","2D trajectory is not force-grounded surgical action","medical models already use geometry and downstream evaluation","trajectory-conditioned video generation; no command-control rollout verified","bước môi trường; đổi sang giây UNKNOWN","UNKNOWN: chưa xác minh hiệu chuẩn xác suất","none verified","UNKNOWN","metadata + abstract","Trang nguồn/abstract","arXiv version UNKNOWN nếu không ghi vN; canonical là bản công bố khi đã xác minh","2026-09-12","VERIFIED: metadata và mô tả nguồn; INTERPRETATION / HYPOTHESIS: limitation và relevance","Primary proceedings/arXiv/official author record; read depth and version limits above"
"M16","Cosmos-Surg-dVRK: World Foundation Model-based Automated Online Evaluation of Surgical Robot Policy Learning","Lukas Zbinden; Nigel Nelson; Juo-Tung Chen; Xinhao Chen; Ji Woong Kim; Mahdi Azizian; Axel Krieger; Sean Huver","2025","arXiv; venue UNKNOWN","Preprint","2510.16240v2","UNKNOWN","https://arxiv.org/abs/2510.16240v2","surgical robotics","yes","surgical robotics","images; kinematic actions","video latent/history","latent dự đoán; ý nghĩa vật lý/sinh học chưa tự xác lập","robot kinematics","conditioned video rollout + success classifier","future video; predicted task success","closed-loop model evaluation; numeric horizon UNKNOWN","real-vs-sim policy outcome agreement; human-classifier agreement","tabletop suture pad; ex-vivo porcine cholecystectomy","evaluate policies without physical reruns","medical policy-evaluation prior art","positive success bias; physical anomalies; small ex-vivo evaluation; no patient benefit evidence","invalidates claim that medical WM never evaluate decisions","online policy interacts with generated video observations","robot trajectory","success-rank alignment measured; model positively biases success; calibrated probabilities UNKNOWN","policy evaluation; not treatment planning","UNKNOWN","full-text system/evaluation; §5.2–5.3","Table1–3; §5.2.3 hallucinations; §5.3 ex-vivo","arXiv version UNKNOWN nếu không ghi vN; canonical là bản công bố khi đã xác minh","2026-09-12","VERIFIED: metadata và mô tả nguồn; INTERPRETATION / HYPOTHESIS: limitation và relevance","Primary proceedings/arXiv/official author record; read depth and version limits above"
"M17","Continuous-Time Deep Glioma Growth Models","Jens Petersen; Fabian Isensee; Gregor Köhler; Paul F. Jäger; David Zimmerer; Ulf Neuberger; Wolfgang Wick; Jürgen Debus; Sabine Heiland; Martin Bendszus; Philipp Vollmuth; Klaus H. Maier-Hein","2021","MICCAI; LNCS12903:83–92","Published","2106.12917v2","10.1007/978-3-030-87199-4_8","https://doi.org/10.1007/978-3-030-87199-4_8","C: glioma spatial progression","no","C: glioma spatial progression","2–5 past MRI/mask/time observations during training","multiscale context + global stochastic trajectory code","latent dự đoán; ý nghĩa vật lý/sinh học chưa tự xác lập","none; treatment ignored as stochasticity","continuous-time conditional Neural Process","future tumor segmentation distribution","arbitrary time queries; training/eval single target after context","test loss; surprise; Query Volume Dice best-volume of100 samples","379 patients; 3–13 visits; proprietary trial data","plausible spatial growth trajectories","continuous, multi-context, coherent stochastic prior art","oracle future-volume selection not deployable forecast metric; zero-overlap cases excluded","state/horizon innovation must exceed 2021 baseline","global stochastic trajectory sampled; query future time segmentation","days","shared global sample yields consistent futures; calibration UNKNOWN","none","https://github.com/MIC-DKFZ/deep-glioma-growth","full-text methods/evaluation","§2.1–2.2; Query Volume Dice","Canonical MICCAI 2021; full methods read in arXiv 2106.12917v2; publisher book metadata corroborated by DKFZ institutional repository. Crossref DOI metadata matched after retry 2026-09-12.","2026-09-12","VERIFIED: metadata và mô tả nguồn; INTERPRETATION / HYPOTHESIS: limitation và relevance","Primary source + Crossref DOI metadata checked 2026-09-12; author/title normalization reviewed"
"M18","Learning Spatio-Temporal Model of Disease Progression With NeuralODEs From Longitudinal Volumetric Data","Dmitrii Lachinov; Arunava Chakravarty; Christoph Grechenig; Ursula Schmidt-Erfurth; Hrvoje Bogunović","2024","IEEE TMI 43(3):1165–1179","Published; online 2023, issue 2024","2211.04234","10.1109/TMI.2023.3330576","https://doi.org/10.1109/TMI.2023.3330576","C: geographic atrophy / brain ventricles","no","C: geographic atrophy / brain ventricles","baseline OCT/MRI; future elapsed time","voxel embedding/logit initial state","predictive voxel embeddings; decoded anatomical masks","none","autonomous ODE; optional nondecreasing constraints","future anatomical segmentation","continuous time; multiple requested visits","temporal Dice; volume prediction; TADPOLE","private GA; ADNI/TADPOLE","anatomical progression prediction","state transition without future pixel synthesis","ODE autonomy is modeling assumption not identified biological mechanism","anatomy-centric continuous-time prediction already exists","latent voxel dynamics integrated to target time; segmentation readout","years","UNKNOWN: chưa xác minh hiệu chuẩn xác suất","none","UNKNOWN","full-text §II and evaluation design","§II initial value problem; temporal Dice; TADPOLE evaluation","arXiv version UNKNOWN nếu không ghi vN; canonical là bản công bố khi đã xác minh","2026-09-12","VERIFIED: metadata và mô tả nguồn; INTERPRETATION / HYPOTHESIS: limitation và relevance","Primary source + Crossref DOI metadata checked 2026-09-12; author/title normalization reviewed"
"M19","Probabilistic Temporal Prediction of Continuous Disease Trajectories and Treatment Effects Using Neural SDEs","Joshua Durso-Finley; Berardino Barile; Jean-Pierre Falet; Douglas L. Arnold; Nick Pawlowski; Tal Arbel","2024","MICCAI; LNCS15003:400–410","Published","2406.12807v1","10.1007/978-3-031-72384-1_38","https://papers.miccai.org/miccai-2024/619-Paper3431.html","C: MS disability trajectories","no","C: MS disability trajectories","baseline MRI + clinical/demographic variables","joint latent state","predictive multimodal latent; EDSS observed clinical endpoint","randomized treatment assignment","treatment-conditioned stochastic differential equation","future EDSS; treatment-group contrasts","continuous clinical time; exact horizon extraction UNKNOWN","factual error; uncertainty-selected subgroups; treatment contrasts","six proprietary RCTs","personalized progression/treatment analysis","image-conditioned stochastic clinical outcomes without pixels","individual counterfactual never observed; pooled-trial transport assumptions matter","causal route exists with stronger data; cannot borrow assumptions","sample stochastic continuous latent path and EDSS readout","clinical visits","sampled trajectory and treatment-contrast variance","effect estimation, no closed-loop policy evaluation","UNKNOWN","full-text §2–3","§2.2 potential outcomes/RCT independence; §3 trials","arXiv version UNKNOWN nếu không ghi vN; canonical là bản công bố khi đã xác minh Crossref DOI metadata matched after retry 2026-09-12.","2026-09-12","VERIFIED: metadata và mô tả nguồn; INTERPRETATION / HYPOTHESIS: limitation và relevance","Primary source + Crossref DOI metadata checked 2026-09-12; author/title normalization reviewed"
"M20","Predictive digital twins with quantified uncertainty for patient-specific decision making in oncology","Graham Pash; Umberto Villa; David A. Hormuth II; Thomas E. Yankeelov; Karen Willcox","2026","Journal of Computational Physics 560:114937","Published 2026-09-01","2505.08927","10.1016/j.jcp.2026.114937","https://www.sciencedirect.com/science/article/pii/S0021999126002901","C: mechanistic glioma digital twin","no","C: mechanistic glioma digital twin","longitudinal MRI-derived cellularity; anatomy; treatment schedule","cell-density field and posterior spatial model parameters","physical/biological model state inferred from image proxies","specified chemoradiation model","reaction-diffusion PDE; Bayesian parameter assimilation","tumor volume/cellularity distributions","one-month virtual experiment; held-out last clinical scan","posterior prediction; Dice/cellularity; imaging-frequency study","virtual patient; IvyGAP subset","forecast and experimental-design analysis","uncertainty and data assimilation already in mechanistic medicine","fixed therapy response; model inadequacy; long rollout through calibration is not all unseen","essential adversarial comparator to learned visual WM","PDE forward solution under parameter posterior; final-scan holdout separate from calibration path","days; solver step1 day","Bayesian posterior; low-rank Laplace approximation; propagation","optimal experimental-design question on virtual patient; no clinical treatment trial","https://github.com/gtpash/dt4co","full-text §3–5","§4.3; §5.1–5.3; AppendixC","arXiv version UNKNOWN nếu không ghi vN; canonical là bản công bố khi đã xác minh Crossref DOI metadata matched after retry 2026-09-12.","2026-09-12","VERIFIED: metadata và mô tả nguồn; INTERPRETATION / HYPOTHESIS: limitation và relevance","Primary source + Crossref DOI metadata checked 2026-09-12; author/title normalization reviewed"
"M21","Online prediction for respiratory movement compensation: a patient-specific gating control for MRI-guided radiotherapy","Yang Li; Zhenjiang Li; Jian Zhu; Baosheng Li; Huazhong Shu; Di Ge","2023","Radiation Oncology 18:149","Published","UNKNOWN","10.1186/s13014-023-02341-1","https://doi.org/10.1186/s13014-023-02341-1","A: respiratory gating","no","A: respiratory gating","cine-derived motion trace","recent motion regression state","measured/inferred position trace history","none","adaptive linear / recurrent trace prediction","threshold crossing / gating signal","0.4 and0.6 s","gating/prediction comparison; linear beats RNN in studied setting","21 liver +10 lung cancer patients","latency-aware gating","simple predictor tested on downstream surrogate","retrospective gating result not prospective benefit","do not assume learned latent beats adaptive linear","online direct respiratory-position prediction","subsecond","UNKNOWN: chưa xác minh hiệu chuẩn xác suất","gating-rule assessment","UNKNOWN","original paper PDF abstract/method overview","https://d-nb.info/1318665426/34; Methods","arXiv version UNKNOWN nếu không ghi vN; canonical là bản công bố khi đã xác minh Crossref DOI metadata matched after retry 2026-09-12.","2026-09-12","VERIFIED: metadata và mô tả nguồn; INTERPRETATION / HYPOTHESIS: limitation và relevance","Primary source + Crossref DOI metadata checked 2026-09-12; author/title normalization reviewed"
"M22","Real-time prediction and gating of respiratory motion using an extended Kalman filter and Gaussian process regression","W. Bukhari; S.-M. Hong","2015","Physics in Medicine & Biology 60(1):233–252","Published; epub 2014","UNKNOWN","10.1088/0031-9155/60/1/233","https://pubmed.ncbi.nlm.nih.gov/25489980/","A: respiratory prediction and gating","no","A: respiratory prediction and gating","respiratory traces","EKF state + GP residual","explicit estimated motion state","none","state transition and probabilistic residual correction","future displacement; high-error warning","short look-ahead; exact range UNKNOWN","prediction error and variance-based gating","clinical respiratory traces; access UNKNOWN","gate high-risk prediction periods","uncertainty-based gating predates deep WM","Gaussian assumptions; transport to cine anatomy unproven","invalidates generic uncertainty-aware gating novelty","filter update + prediction/gating; fresh observations distinct from open-loop","subsecond","EKF covariance and GP predictive variance","gating rather than policy search","UNKNOWN","indexed original abstract/metadata","Trang nguồn/abstract","arXiv version UNKNOWN nếu không ghi vN; canonical là bản công bố khi đã xác minh","2026-09-12","VERIFIED: metadata và mô tả nguồn; INTERPRETATION / HYPOTHESIS: limitation và relevance","Primary source + Crossref DOI metadata checked 2026-09-12; author/title normalization reviewed"
"M23","Freehand Ultrasound Image Simulation with Spatially-Conditioned Generative Adversarial Networks","Yipeng Hu; Eli Gibson; Li-Lin Lee; Weidi Xie; Dean C. Barratt; Tom Vercauteren; J. Alison Noble","2017","RAMBO at MICCAI","Accepted/published chapter DOI recorded","1707.05392v1","10.1007/978-3-319-67564-0_11","https://arxiv.org/abs/1707.05392","B: ultrasound observation simulator","no","B: ultrasound observation simulator","tracked phantom ultrasound; calibrated spatial coordinates","implicit anatomical appearance model","implicit spatial field","probe spatial query, not commanded force","position-conditioned generation","ultrasound at unseen location","spatial held-out query; no time dynamics","landmark distances and reader realism","fetal phantom; optical tracker","procedure simulation","pose-conditioned anatomical landmark evaluation","static phantom mapping not tissue dynamics","pose-conditioned ultrasound is not new","spatial-coordinate query synthesis; not temporal recursive forecast","N/A spatial query","UNKNOWN: chưa xác minh hiệu chuẩn xác suất","none","UNKNOWN","metadata + abstract","Trang nguồn/abstract","arXiv version UNKNOWN nếu không ghi vN; canonical là bản công bố khi đã xác minh","2026-09-12","VERIFIED: metadata và mô tả nguồn; INTERPRETATION / HYPOTHESIS: limitation và relevance","Primary source + Crossref DOI metadata checked 2026-09-12; author/title normalization reviewed"
"M24","A technical assessment of latent diffusion for Alzheimer's disease progression","Elyssa M. McMaster; Lemuel Puglisi; Chenyu Gao; Aravind R. Krishnan; Adam M. Saunders; Daniele Ravi; Lori L. Beason-Held; Susan M. Resnick; Lianrui Zuo; Daniel Moyer; Bennett A. Landman","2025","SPIE Medical Imaging; Proc SPIE13406:1340621","Published proceedings","UNKNOWN","10.1117/12.3047135","https://pmc.ncbi.nlm.nih.gov/articles/PMC12726967/","C: external BrLP assessment","no","C: external BrLP assessment","baseline T1 MRI; age/status condition","inherited BrLP state","latent dự đoán; ý nghĩa vật lý/sinh học chưa tự xác lập","cognitive-status condition; not intervention","BrLP generation evaluated externally","future MRI/regional volumes","follow-up; exact horizon UNKNOWN","image metrics vs conditional/unconditional regions","Baltimore Longitudinal Study of Aging","external validity assessment","shows similarity and disease-conditioned behavior can disagree","pilot study; not proof all image synthesis useless","evaluate actual change, not SSIM alone","external assessment of conditioned BrLP generation","bước môi trường; đổi sang giây UNKNOWN","not a new uncertainty model","none","UNKNOWN","original full-text search extraction methods/abstract","Abstract; §2 methodology; diagnostic-condition comparison","arXiv version UNKNOWN nếu không ghi vN; canonical là bản công bố khi đã xác minh","2026-09-12","VERIFIED: metadata và mô tả nguồn; INTERPRETATION / HYPOTHESIS: limitation và relevance","Primary source + Crossref DOI metadata checked 2026-09-12; author/title normalization reviewed"
"M25","A radiographic world model for clinical reasoning and evidence generation","Suyang Xi; Songtao Hu; Shansong Wang; Mojtaba Safari; Luke del Balzo; Ehsan Ul Karim; Mingzhe Hu; Kuo Zhang; Tonghe Wang; Ralph R. Weichselbaum; Xiaofeng Yang","2026","arXiv; venue UNKNOWN","Preprint","2609.07719","UNKNOWN","https://arxiv.org/abs/2609.07719","radiographic reasoning / MedDream","yes","radiographic reasoning / MedDream","radiograph and text","shared image-text latent","latent dự đoán; ý nghĩa vật lý/sinh học chưa tự xác lập","text condition; not time/action dynamics","cross-modal predictive/generative mapping","diagnostic evidence/radiograph representation","temporal rollout not established","reported reasoning/reader/augmentation tasks","CXR data; release specifics UNKNOWN in extraction","clinical reasoning representation","explicit WM label extends beyond temporal simulators","clinical interpretability not guaranteed by naming","classification contrast: not evidence of disease forecasting","radiograph/text representation and reasoning; no temporal transition verified","N/A temporal transition absent in reviewed evidence","UNKNOWN: chưa xác minh hiệu chuẩn xác suất","not demonstrated","UNKNOWN","metadata + abstract","Trang nguồn/abstract","arXiv version UNKNOWN nếu không ghi vN; canonical là bản công bố khi đã xác minh","2026-09-12","VERIFIED: metadata và mô tả nguồn; INTERPRETATION / HYPOTHESIS: limitation và relevance","Primary proceedings/arXiv/official author record; read depth and version limits above"
"M26","World Model for AI Autonomous Navigation in Mechanical Thrombectomy","Harry Robertshaw; Han-Ru Wu; Alejandro Granados; Thomas C. Booth","2025","MICCAI; LNCS15968:680–690","Published","2509.25518","10.1007/978-3-032-05114-1_65","https://papers.miccai.org/miccai-2025/1021-Paper3014.html","embodied interventional navigation","yes","embodied interventional navigation","navigation observations; exact sensor contract UNKNOWN","TD-MPC2 latent","latent dự đoán; ý nghĩa vật lý/sinh học chưa tự xác lập","navigation controls","latent model predictive control","navigation state/value","task rollout; exact horizon UNKNOWN","navigation success and duration","patient-derived vasculatures; deployment setting not extracted","thrombectomy navigation","control-oriented medical WM example","abstract alone insufficient to claim in-patient success","medical WM need not output images","TD-MPC2 latent rollouts; deployment details UNKNOWN in extraction","bước môi trường; đổi sang giây UNKNOWN","UNKNOWN: chưa xác minh hiệu chuẩn xác suất","TD-MPC2 model predictive control","UNKNOWN","official metadata/abstract; methods details not used","Trang nguồn/abstract","arXiv version UNKNOWN nếu không ghi vN; canonical là bản công bố khi đã xác minh; Crossref: online 2025-09-21, print 2026; canonical conference year giữ 2025.","2026-09-12","VERIFIED: metadata và mô tả nguồn; INTERPRETATION / HYPOTHESIS: limitation và relevance","Primary source + Crossref DOI metadata checked 2026-09-12; author/title normalization reviewed"
"M27","Combining Biology-based and MRI Data-driven Modeling to Predict Response to Neoadjuvant Chemotherapy in Patients with Triple-Negative Breast Cancer","Casey E. Stowers; Chengyue Wu; Zhan Xu; Sidharth Kumar; Clinton Yam; Jong Bum Son; Jingfei Ma; Jonathan I. Tamir; Gaiane M. Rauch; Thomas E. Yankeelov","2025","Radiology: Artificial Intelligence 7(1):e240124","Published; online 2024, issue 2025","UNKNOWN","10.1148/ryai.240124","https://pubs.rsna.org/doi/10.1148/ryai.240124","C: breast tumor response","no","C: breast tumor response","pretreatment multiparametric MRI","cellularity map + inferred net proliferation/drug-death parameter","MRI-derived cellularity proxy + inferred mechanistic parameter; not directly observed living-cell count","care regimen; not randomized action comparisons in this analysis","biology-based growth equation with predicted patient parameters","cellularity/volume at visits 2 and 3; pCR association","two future visits: after 2/4 treatment cycles","voxel change; volume/cellularity agreement; pCR discrimination","ARTEMIS subset: 118 included; 94 training/24 test","anticipate observed-regimen response","kiểm tra state-level response từ baseline MRI","calibration-quality selection; pCR subset; not causal treatment optimization","phản chứng trực tiếp novelty broad biological/patient-specific dynamics","baseline parameters → biological equation → visits 2 and 3","days, aligned to treatment visits","confidence intervals across evaluation; calibrated future distribution UNKNOWN","không có prospective treatment planning evaluation","UNKNOWN","original PDF methods/evaluation pp2–5","Mathematical Model; CNN Inputs and Outputs; Patient Demographics; pCR subset","RSNA PDF ghi issue 2025, copyright/online 2024","2026-09-12","VERIFIED: metadata và mô tả nguồn; INTERPRETATION / HYPOTHESIS: limitation và relevance","Primary source + Crossref DOI metadata checked 2026-09-12; author/title normalization reviewed"
